{
	"class_name" : "PinholeCameraParameters",
	"extrinsic" :
	[
		0.6041869853239914,
		-0.70505067290945111,
		0.37129723321758995,
		0.0,
		-0.79618563509771878,
		-0.51523029409325516,
		0.31721629610191882,
		0.0,
		-0.032349980357790742,
		-0.48727948107683361,
		-0.87264665592228241,
		0.0,
		-0.27552885299492452,
		0.22431321712628616,
		0.2888802999477022,
		1.0
	],
	"intrinsic" :
	{
		"height" : 1136,
		"intrinsic_matrix" :
		[
			960.96502105090542,
			0.0,
			0.0,
			0.0,
			960.96502105090542,
			0.0,
			924.5,
			567.5,
			1.0
		],
		"width" : 1850
	},
	"version_major" : 1,
	"version_minor" : 0
}
